-- phpMyAdmin SQL Dump
-- version 4.6.4
-- https://www.phpmyadmin.net/
--
-- Client :  127.0.0.1
-- Généré le :  Mar 21 Février 2017 à 17:32
-- Version du serveur :  5.7.14
-- Version de PHP :  5.6.25

SET SQL_MODE = "NO_AUTO_VALUE_ON_ZERO";
SET time_zone = "+00:00";


/*!40101 SET @OLD_CHARACTER_SET_CLIENT=@@CHARACTER_SET_CLIENT */;
/*!40101 SET @OLD_CHARACTER_SET_RESULTS=@@CHARACTER_SET_RESULTS */;
/*!40101 SET @OLD_COLLATION_CONNECTION=@@COLLATION_CONNECTION */;
/*!40101 SET NAMES utf8mb4 */;

--
-- Base de données :  `td1webserver`
--

-- --------------------------------------------------------

--
-- Structure de la table `categorie`
--

CREATE TABLE `categorie` (
  `id` int(11) NOT NULL,
  `nom` varchar(64) NOT NULL,
  `description` text NOT NULL
) ENGINE=InnoDB DEFAULT CHARSET=utf8;

--
-- Contenu de la table `categorie`
--

INSERT INTO `categorie` (`id`, `nom`, `description`) VALUES
(1, 'salades', 'Nos bonnes salades, fraichement livrées par nos producteurs bios et locaux'),
(2, 'crudités', 'Nos crudités variées  et préparées avec soin, issues de producteurs locaux et bio pour la plupart.'),
(3, 'viandes', 'Nos viandes finement découpées et cuites comme vous le préférez. Viande issue d\'élevages certifiés et locaux.'),
(4, 'Fromages', 'Nos fromages bios et au lait cru. En majorité des AOC.'),
(5, 'Sauces', 'Toutes les sauces du monde !');

-- --------------------------------------------------------

--
-- Structure de la table `commande`
--

CREATE TABLE `commande` (
  `id` int(11) NOT NULL,
  `nom` varchar(64) NOT NULL,
  `date_livraison` datetime NOT NULL,
  `etat_avancement` int(1) NOT NULL,
  `etat_paiement` int(1) NOT NULL,
  `montant` float(10,2) UNSIGNED NOT NULL,
  `token` varchar(32) NOT NULL,
  `updated_at` timestamp NOT NULL DEFAULT CURRENT_TIMESTAMP ON UPDATE CURRENT_TIMESTAMP,
  `created_at` timestamp NOT NULL DEFAULT '0000-00-00 00:00:00'
) ENGINE=InnoDB DEFAULT CHARSET=utf8;

--
-- Contenu de la table `commande`
--

INSERT INTO `commande` (`id`, `nom`, `date_livraison`, `etat_avancement`, `etat_paiement`, `montant`, `token`, `updated_at`, `created_at`) VALUES
(8, 'test', '2017-02-02 19:40:00', 0, 0, 52.70, 'test', '2017-02-21 14:51:51', '2017-02-21 13:37:49');

-- --------------------------------------------------------

--
-- Structure de la table `gestionnaire`
--

CREATE TABLE `gestionnaire` (
  `id` int(11) NOT NULL,
  `identifiant` varchar(20) NOT NULL,
  `password` varchar(20) NOT NULL
) ENGINE=MyISAM DEFAULT CHARSET=latin1;

--
-- Contenu de la table `gestionnaire`
--

INSERT INTO `gestionnaire` (`id`, `identifiant`, `password`) VALUES
(1, 'test', 'test');

-- --------------------------------------------------------

--
-- Structure de la table `ingredient`
--

CREATE TABLE `ingredient` (
  `id` int(11) NOT NULL,
  `nom` varchar(64) NOT NULL,
  `cat_id` int(11) NOT NULL,
  `description` text,
  `fournisseur` varchar(128) DEFAULT NULL,
  `img` varchar(128) DEFAULT NULL
) ENGINE=InnoDB DEFAULT CHARSET=utf8;

--
-- Contenu de la table `ingredient`
--

INSERT INTO `ingredient` (`id`, `nom`, `cat_id`, `description`, `fournisseur`, `img`) VALUES
(1, 'laitue', 1, 'belle laitue verte', 'ferme "la bonne salade"', NULL),
(2, 'roquette', 1, 'la roquette qui pète ! bio, bien sur, et sauvage', 'ferme "la bonne salade"', NULL),
(3, 'mâche', 1, 'une mâche toute jeune et croquante', 'ferme "la bonne salade"', NULL),
(4, 'carottes', 2, 'belles carottes bio, rapées avec amour', 'au jardin sauvage', NULL),
(5, 'concombre', 2, 'concombre de jardin, bio et bien frais', 'au jardin sauvage', NULL),
(6, 'avocat', 2, 'avocats en direct du Mexique !', 'la huerta bonita, Puebla', NULL),
(7, 'blanc de poulet', 3, 'blanc de poulet émincé, et grillé comme il faut', 'élevage "le poulet volant"', NULL),
(8, 'magret de canard', 3, 'magret de canard grillé, puis émincé', 'le colvert malin', NULL),
(9, 'steack haché', 3, 'notre steack haché saveur, 5% MG., préparé juste avant cuisson.\r\nViande de notre producteur local.', 'ferme "la vache qui plane"', NULL),
(10, 'munster', 4, 'Du munster de Munster, en direct. Pour amateurs avertis !', 'fromagerie "le bon munster de toujours"', NULL),
(11, 'chèvre frais', 4, 'un chèvre frais onctueux et goutu !', 'A la chèvre rieuse', NULL),
(12, 'comté AOC 18mois', 4, 'le meilleur comté du monde !', 'fromagerie du jura', NULL),
(13, 'vinaigrette huile d\'olive', 5, 'la vinaigrette éternelle, à l\'huile d\'olive et moutarde à l\'ancienne.', 'Le Bon Sandwich', NULL),
(14, 'salsa jalapeña', 5, 'sauce très légérement pimentée :-)', 'El Yucateco', NULL),
(15, 'salsa habanera', 5, 'Pour initiés uniquement, dangereux sinon !', 'EL yucateco', NULL);

-- --------------------------------------------------------

--
-- Structure de la table `sandwich`
--

CREATE TABLE `sandwich` (
  `id` int(11) NOT NULL,
  `nom` varchar(64) NOT NULL,
  `type_pain` varchar(64) DEFAULT NULL,
  `taille` varchar(64) DEFAULT NULL,
  `prix` decimal(10,2) NOT NULL
) ENGINE=InnoDB DEFAULT CHARSET=utf8;

--
-- Contenu de la table `sandwich`
--

INSERT INTO `sandwich` (`id`, `nom`, `type_pain`, `taille`, `prix`) VALUES
(7, 'fromage', 'blanc', 'moyenne faim', '4.50'),
(8, 'raclette', 'blanc', 'ogre', '7.80'),
(9, 'raclette', 'blanc', 'ogre', '7.80'),
(10, 'raclette', 'blanc', 'ogre', '7.80'),
(11, 'raclette', 'blanc', 'petite faim', '3.80'),
(12, 'raclette', 'blanc', 'petite faim', '3.80');

-- --------------------------------------------------------

--
-- Structure de la table `sandwich2commande`
--

CREATE TABLE `sandwich2commande` (
  `id` int(11) NOT NULL,
  `id_sandwich` int(11) NOT NULL,
  `id_commande` int(11) NOT NULL
) ENGINE=InnoDB DEFAULT CHARSET=utf32;

--
-- Contenu de la table `sandwich2commande`
--

INSERT INTO `sandwich2commande` (`id`, `id_sandwich`, `id_commande`) VALUES
(6, 7, 8),
(7, 8, 8),
(8, 9, 8),
(9, 10, 8),
(10, 11, 8),
(11, 12, 8);

-- --------------------------------------------------------

--
-- Structure de la table `sandwich2ingredient`
--

CREATE TABLE `sandwich2ingredient` (
  `id_sandwich` int(11) NOT NULL,
  `id_ingredient` int(11) NOT NULL
) ENGINE=InnoDB DEFAULT CHARSET=utf8;

--
-- Contenu de la table `sandwich2ingredient`
--

INSERT INTO `sandwich2ingredient` (`id_sandwich`, `id_ingredient`) VALUES
(7, 1),
(7, 11),
(7, 12),
(7, 13),
(8, 1),
(8, 9),
(8, 12),
(9, 1),
(9, 9),
(9, 12),
(10, 1),
(10, 9),
(10, 12),
(11, 1),
(11, 9),
(11, 12),
(12, 1),
(12, 9),
(12, 12);

--
-- Index pour les tables exportées
--

--
-- Index pour la table `categorie`
--
ALTER TABLE `categorie`
  ADD PRIMARY KEY (`id`);

--
-- Index pour la table `commande`
--
ALTER TABLE `commande`
  ADD PRIMARY KEY (`id`);

--
-- Index pour la table `gestionnaire`
--
ALTER TABLE `gestionnaire`
  ADD PRIMARY KEY (`id`);

--
-- Index pour la table `ingredient`
--
ALTER TABLE `ingredient`
  ADD PRIMARY KEY (`id`);

--
-- Index pour la table `sandwich`
--
ALTER TABLE `sandwich`
  ADD PRIMARY KEY (`id`);

--
-- Index pour la table `sandwich2commande`
--
ALTER TABLE `sandwich2commande`
  ADD PRIMARY KEY (`id`),
  ADD KEY `id_sandwich` (`id_sandwich`),
  ADD KEY `id_commande` (`id_commande`);

--
-- Index pour la table `sandwich2ingredient`
--
ALTER TABLE `sandwich2ingredient`
  ADD KEY `id_sandwich` (`id_sandwich`),
  ADD KEY `id_ingredient` (`id_ingredient`);

--
-- AUTO_INCREMENT pour les tables exportées
--

--
-- AUTO_INCREMENT pour la table `categorie`
--
ALTER TABLE `categorie`
  MODIFY `id` int(11) NOT NULL AUTO_INCREMENT, AUTO_INCREMENT=6;
--
-- AUTO_INCREMENT pour la table `commande`
--
ALTER TABLE `commande`
  MODIFY `id` int(11) NOT NULL AUTO_INCREMENT, AUTO_INCREMENT=9;
--
-- AUTO_INCREMENT pour la table `gestionnaire`
--
ALTER TABLE `gestionnaire`
  MODIFY `id` int(11) NOT NULL AUTO_INCREMENT, AUTO_INCREMENT=2;
--
-- AUTO_INCREMENT pour la table `ingredient`
--
ALTER TABLE `ingredient`
  MODIFY `id` int(11) NOT NULL AUTO_INCREMENT, AUTO_INCREMENT=16;
--
-- AUTO_INCREMENT pour la table `sandwich`
--
ALTER TABLE `sandwich`
  MODIFY `id` int(11) NOT NULL AUTO_INCREMENT, AUTO_INCREMENT=13;
--
-- AUTO_INCREMENT pour la table `sandwich2commande`
--
ALTER TABLE `sandwich2commande`
  MODIFY `id` int(11) NOT NULL AUTO_INCREMENT, AUTO_INCREMENT=12;
--
-- Contraintes pour les tables exportées
--

--
-- Contraintes pour la table `sandwich2commande`
--
ALTER TABLE `sandwich2commande`
  ADD CONSTRAINT `sandwich2commande_ibfk_1` FOREIGN KEY (`id_sandwich`) REFERENCES `sandwich` (`id`),
  ADD CONSTRAINT `sandwich2commande_ibfk_2` FOREIGN KEY (`id_commande`) REFERENCES `commande` (`id`);

--
-- Contraintes pour la table `sandwich2ingredient`
--
ALTER TABLE `sandwich2ingredient`
  ADD CONSTRAINT `sandwich2ingredient_ibfk_1` FOREIGN KEY (`id_sandwich`) REFERENCES `sandwich` (`id`) ON DELETE NO ACTION,
  ADD CONSTRAINT `sandwich2ingredient_ibfk_2` FOREIGN KEY (`id_ingredient`) REFERENCES `ingredient` (`id`) ON DELETE NO ACTION;

/*!40101 SET CHARACTER_SET_CLIENT=@OLD_CHARACTER_SET_CLIENT */;
/*!40101 SET CHARACTER_SET_RESULTS=@OLD_CHARACTER_SET_RESULTS */;
/*!40101 SET COLLATION_CONNECTION=@OLD_COLLATION_CONNECTION */;
